{
	"Camera_0":
	{
		"World Position":
		{
			"X": 400,
			"Y": 0,
			"Z": 0
		},
		"World Rotation":
		{
			"P": 0,
			"Y": 180,
			"R": 0
		},
		"Filmback":
		{
			"SensorWidth": 23.760000228881836,
			"SensorHeight": 13.364999771118164,
			"SensorAspectRatio": 1.7777777910232544
		},
		"Lens":
		{
			"MinFocalLength": 4,
			"MaxFocalLength": 1000
		},
		"Other":
		{
			"Distance from Scene(cm)": 400,
			"Near Clip Plane": 0.10000000149011612,
			"Far Clip Plane": 800
		}
	},
	"Camera_1":
	{
		"World Position":
		{
			"X": 282.84270763397217,
			"Y": 282.84270763397217,
			"Z": 0
		},
		"World Rotation":
		{
			"P": 0,
			"Y": -134.99999999999997,
			"R": 0
		},
		"Filmback":
		{
			"SensorWidth": 23.760000228881836,
			"SensorHeight": 13.364999771118164,
			"SensorAspectRatio": 1.7777777910232544
		},
		"Lens":
		{
			"MinFocalLength": 4,
			"MaxFocalLength": 1000
		},
		"Other":
		{
			"Distance from Scene(cm)": 400,
			"Near Clip Plane": 0.10000000149011612,
			"Far Clip Plane": 800
		}
	},
	"Camera_2":
	{
		"World Position":
		{
			"X": -3.4969110629390343e-05,
			"Y": 399.99997615814209,
			"Z": 0
		},
		"World Rotation":
		{
			"P": 0,
			"Y": -89.999994991043593,
			"R": 0
		},
		"Filmback":
		{
			"SensorWidth": 23.760000228881836,
			"SensorHeight": 13.364999771118164,
			"SensorAspectRatio": 1.7777777910232544
		},
		"Lens":
		{
			"MinFocalLength": 4,
			"MaxFocalLength": 1000
		},
		"Other":
		{
			"Distance from Scene(cm)": 400,
			"Near Clip Plane": 0.10000000149011612,
			"Far Clip Plane": 800
		}
	},
	"Camera_3":
	{
		"World Position":
		{
			"X": -282.84275531768799,
			"Y": 282.84270763397217,
			"Z": 0
		},
		"World Rotation":
		{
			"P": 0,
			"Y": -44.999995170327281,
			"R": 0
		},
		"Filmback":
		{
			"SensorWidth": 23.760000228881836,
			"SensorHeight": 13.364999771118164,
			"SensorAspectRatio": 1.7777777910232544
		},
		"Lens":
		{
			"MinFocalLength": 4,
			"MaxFocalLength": 1000
		},
		"Other":
		{
			"Distance from Scene(cm)": 400,
			"Near Clip Plane": 0.10000000149011612,
			"Far Clip Plane": 800
		}
	},
	"Camera_4":
	{
		"World Position":
		{
			"X": -399.99997615814209,
			"Y": -3.4969110629390343e-05,
			"Z": 0
		},
		"World Rotation":
		{
			"P": 0,
			"Y": 0,
			"R": 0
		},
		"Filmback":
		{
			"SensorWidth": 23.760000228881836,
			"SensorHeight": 13.364999771118164,
			"SensorAspectRatio": 1.7777777910232544
		},
		"Lens":
		{
			"MinFocalLength": 4,
			"MaxFocalLength": 1000
		},
		"Other":
		{
			"Distance from Scene(cm)": 400,
			"Near Clip Plane": 0.10000000149011612,
			"Far Clip Plane": 800
		}
	},
	"Camera_5":
	{
		"World Position":
		{
			"X": -282.84261226654053,
			"Y": -282.84275531768799,
			"Z": 0
		},
		"World Rotation":
		{
			"P": 0,
			"Y": 45.000014489020735,
			"R": 0
		},
		"Filmback":
		{
			"SensorWidth": 23.760000228881836,
			"SensorHeight": 13.364999771118164,
			"SensorAspectRatio": 1.7777777910232544
		},
		"Lens":
		{
			"MinFocalLength": 4,
			"MaxFocalLength": 1000
		},
		"Other":
		{
			"Distance from Scene(cm)": 400,
			"Near Clip Plane": 0.10000000149011612,
			"Far Clip Plane": 800
		}
	},
	"Camera_6":
	{
		"World Position":
		{
			"X": 6.9938221258780686e-05,
			"Y": -399.99997615814209,
			"Z": 0
		},
		"World Rotation":
		{
			"P": 0,
			"Y": 90.000010017912857,
			"R": 0
		},
		"Filmback":
		{
			"SensorWidth": 23.760000228881836,
			"SensorHeight": 13.364999771118164,
			"SensorAspectRatio": 1.7777777910232544
		},
		"Lens":
		{
			"MinFocalLength": 4,
			"MaxFocalLength": 1000
		},
		"Other":
		{
			"Distance from Scene(cm)": 400,
			"Near Clip Plane": 0.10000000149011612,
			"Far Clip Plane": 800
		}
	},
	"Camera_7":
	{
		"World Position":
		{
			"X": 282.84285068511963,
			"Y": -282.84261226654053,
			"Z": 0
		},
		"World Rotation":
		{
			"P": 0,
			"Y": 135.00002414836379,
			"R": 0
		},
		"Filmback":
		{
			"SensorWidth": 23.760000228881836,
			"SensorHeight": 13.364999771118164,
			"SensorAspectRatio": 1.7777777910232544
		},
		"Lens":
		{
			"MinFocalLength": 4,
			"MaxFocalLength": 1000
		},
		"Other":
		{
			"Distance from Scene(cm)": 400,
			"Near Clip Plane": 0.10000000149011612,
			"Far Clip Plane": 800
		}
	}
}