{
	"Camera_0":
	{
		"World Position":
		{
			"X": 0,
			"Y": 400,
			"Z": 0
		},
		"World Rotation":
		{
			"P": 0,
			"Y": -90.000000000000014,
			"R": 0
		},
		"Filmback":
		{
			"SensorWidth": 23.760000228881836,
			"SensorHeight": 13.364999771118164,
			"SensorAspectRatio": 1.7777777910232544
		},
		"Lens":
		{
			"MinFocalLength": 4,
			"MaxFocalLength": 1000
		},
		"Other":
		{
			"Distance from Scene(cm)": 400,
			"Near Clip Plane": 0.10000000149011612,
			"Far Clip Plane": 800
		}
	},
	"Camera_1":
	{
		"World Position":
		{
			"X": 0,
			"Y": 282.84270763397217,
			"Z": 282.84270763397217
		},
		"World Rotation":
		{
			"P": -44.999999999999986,
			"Y": -89.999999999999957,
			"R": 0
		},
		"Filmback":
		{
			"SensorWidth": 23.760000228881836,
			"SensorHeight": 13.364999771118164,
			"SensorAspectRatio": 1.7777777910232544
		},
		"Lens":
		{
			"MinFocalLength": 4,
			"MaxFocalLength": 1000
		},
		"Other":
		{
			"Distance from Scene(cm)": 400,
			"Near Clip Plane": 0.10000000149011612,
			"Far Clip Plane": 800
		}
	},
	"Camera_2":
	{
		"World Position":
		{
			"X": 0,
			"Y": -3.4969110629390343e-05,
			"Z": 399.99997615814209
		},
		"World Rotation":
		{
			"P": -90,
			"Y": 166.73732421065461,
			"R": -166.73732852243808
		},
		"Filmback":
		{
			"SensorWidth": 23.760000228881836,
			"SensorHeight": 13.364999771118164,
			"SensorAspectRatio": 1.7777777910232544
		},
		"Lens":
		{
			"MinFocalLength": 4,
			"MaxFocalLength": 1000
		},
		"Other":
		{
			"Distance from Scene(cm)": 400,
			"Near Clip Plane": 0.10000000149011612,
			"Far Clip Plane": 800
		}
	},
	"Camera_3":
	{
		"World Position":
		{
			"X": 0,
			"Y": -282.84275531768799,
			"Z": 282.84270763397217
		},
		"World Rotation":
		{
			"P": -44.999995170327239,
			"Y": 90,
			"R": 0
		},
		"Filmback":
		{
			"SensorWidth": 23.760000228881836,
			"SensorHeight": 13.364999771118164,
			"SensorAspectRatio": 1.7777777910232544
		},
		"Lens":
		{
			"MinFocalLength": 4,
			"MaxFocalLength": 1000
		},
		"Other":
		{
			"Distance from Scene(cm)": 400,
			"Near Clip Plane": 0.10000000149011612,
			"Far Clip Plane": 800
		}
	},
	"Camera_4":
	{
		"World Position":
		{
			"X": 0,
			"Y": -399.99997615814209,
			"Z": -3.4969110629390343e-05
		},
		"World Rotation":
		{
			"P": 0,
			"Y": 89.999999999999972,
			"R": 0
		},
		"Filmback":
		{
			"SensorWidth": 23.760000228881836,
			"SensorHeight": 13.364999771118164,
			"SensorAspectRatio": 1.7777777910232544
		},
		"Lens":
		{
			"MinFocalLength": 4,
			"MaxFocalLength": 1000
		},
		"Other":
		{
			"Distance from Scene(cm)": 400,
			"Near Clip Plane": 0.10000000149011612,
			"Far Clip Plane": 800
		}
	},
	"Camera_5":
	{
		"World Position":
		{
			"X": 0,
			"Y": -282.84261226654053,
			"Z": -282.84275531768799
		},
		"World Rotation":
		{
			"P": 45.000014489020749,
			"Y": 90,
			"R": 0
		},
		"Filmback":
		{
			"SensorWidth": 23.760000228881836,
			"SensorHeight": 13.364999771118164,
			"SensorAspectRatio": 1.7777777910232544
		},
		"Lens":
		{
			"MinFocalLength": 4,
			"MaxFocalLength": 1000
		},
		"Other":
		{
			"Distance from Scene(cm)": 400,
			"Near Clip Plane": 0.10000000149011612,
			"Far Clip Plane": 800
		}
	},
	"Camera_6":
	{
		"World Position":
		{
			"X": 0,
			"Y": 6.9938221258780686e-05,
			"Z": -399.99997615814209
		},
		"World Rotation":
		{
			"P": 90,
			"Y": -160.52878119149432,
			"R": 19.471209487765776
		},
		"Filmback":
		{
			"SensorWidth": 23.760000228881836,
			"SensorHeight": 13.364999771118164,
			"SensorAspectRatio": 1.7777777910232544
		},
		"Lens":
		{
			"MinFocalLength": 4,
			"MaxFocalLength": 1000
		},
		"Other":
		{
			"Distance from Scene(cm)": 400,
			"Near Clip Plane": 0.10000000149011612,
			"Far Clip Plane": 800
		}
	},
	"Camera_7":
	{
		"World Position":
		{
			"X": 0,
			"Y": 282.84285068511963,
			"Z": -282.84261226654053
		},
		"World Rotation":
		{
			"P": 44.99997585163625,
			"Y": -89.999999999999986,
			"R": 0
		},
		"Filmback":
		{
			"SensorWidth": 23.760000228881836,
			"SensorHeight": 13.364999771118164,
			"SensorAspectRatio": 1.7777777910232544
		},
		"Lens":
		{
			"MinFocalLength": 4,
			"MaxFocalLength": 1000
		},
		"Other":
		{
			"Distance from Scene(cm)": 400,
			"Near Clip Plane": 0.10000000149011612,
			"Far Clip Plane": 800
		}
	}
}