{
	"Camera_0":
	{
		"World Position":
		{
			"X": 800,
			"Y": 0,
			"Z": 0
		},
		"World Rotation":
		{
			"P": 0,
			"Y": 180,
			"R": 0
		},
		"Filmback":
		{
			"SensorWidth": 23.760000228881836,
			"SensorHeight": 13.364999771118164,
			"SensorAspectRatio": 1.7777777910232544
		},
		"Lens":
		{
			"MinFocalLength": 4,
			"MaxFocalLength": 1000
		},
		"Other":
		{
			"Distance from Scene(cm)": 800,
			"Near Clip Plane": 0.10000000149011612,
			"Far Clip Plane": 1600
		}
	},
	"Camera_1":
	{
		"World Position":
		{
			"X": 565.68541526794434,
			"Y": 0,
			"Z": 565.68541526794434
		},
		"World Rotation":
		{
			"P": -44.999999999999964,
			"Y": 180,
			"R": 0
		},
		"Filmback":
		{
			"SensorWidth": 23.760000228881836,
			"SensorHeight": 13.364999771118164,
			"SensorAspectRatio": 1.7777777910232544
		},
		"Lens":
		{
			"MinFocalLength": 4,
			"MaxFocalLength": 1000
		},
		"Other":
		{
			"Distance from Scene(cm)": 800,
			"Near Clip Plane": 0.10000000149011612,
			"Far Clip Plane": 1600
		}
	},
	"Camera_2":
	{
		"World Position":
		{
			"X": -6.9938221258780686e-05,
			"Y": 0,
			"Z": 799.99995231628418
		},
		"World Rotation":
		{
			"P": -90,
			"Y": 180,
			"R": 180
		},
		"Filmback":
		{
			"SensorWidth": 23.760000228881836,
			"SensorHeight": 13.364999771118164,
			"SensorAspectRatio": 1.7777777910232544
		},
		"Lens":
		{
			"MinFocalLength": 4,
			"MaxFocalLength": 1000
		},
		"Other":
		{
			"Distance from Scene(cm)": 800,
			"Near Clip Plane": 0.10000000149011612,
			"Far Clip Plane": 1600
		}
	},
	"Camera_3":
	{
		"World Position":
		{
			"X": -565.68551063537598,
			"Y": 0,
			"Z": 565.68541526794434
		},
		"World Rotation":
		{
			"P": -44.999995170327281,
			"Y": 0,
			"R": 0
		},
		"Filmback":
		{
			"SensorWidth": 23.760000228881836,
			"SensorHeight": 13.364999771118164,
			"SensorAspectRatio": 1.7777777910232544
		},
		"Lens":
		{
			"MinFocalLength": 4,
			"MaxFocalLength": 1000
		},
		"Other":
		{
			"Distance from Scene(cm)": 800,
			"Near Clip Plane": 0.10000000149011612,
			"Far Clip Plane": 1600
		}
	},
	"Camera_4":
	{
		"World Position":
		{
			"X": -799.99995231628418,
			"Y": 0,
			"Z": -6.9938221258780686e-05
		},
		"World Rotation":
		{
			"P": 0,
			"Y": 0,
			"R": 0
		},
		"Filmback":
		{
			"SensorWidth": 23.760000228881836,
			"SensorHeight": 13.364999771118164,
			"SensorAspectRatio": 1.7777777910232544
		},
		"Lens":
		{
			"MinFocalLength": 4,
			"MaxFocalLength": 1000
		},
		"Other":
		{
			"Distance from Scene(cm)": 800,
			"Near Clip Plane": 0.10000000149011612,
			"Far Clip Plane": 1600
		}
	},
	"Camera_5":
	{
		"World Position":
		{
			"X": -565.68522453308105,
			"Y": 0,
			"Z": -565.68551063537598
		},
		"World Rotation":
		{
			"P": 45.000014489020728,
			"Y": 0,
			"R": 0
		},
		"Filmback":
		{
			"SensorWidth": 23.760000228881836,
			"SensorHeight": 13.364999771118164,
			"SensorAspectRatio": 1.7777777910232544
		},
		"Lens":
		{
			"MinFocalLength": 4,
			"MaxFocalLength": 1000
		},
		"Other":
		{
			"Distance from Scene(cm)": 800,
			"Near Clip Plane": 0.10000000149011612,
			"Far Clip Plane": 1600
		}
	},
	"Camera_6":
	{
		"World Position":
		{
			"X": 0.00013987644251756137,
			"Y": 0,
			"Z": -799.99995231628418
		},
		"World Rotation":
		{
			"P": 90,
			"Y": 0,
			"R": 179.99999860565401
		},
		"Filmback":
		{
			"SensorWidth": 23.760000228881836,
			"SensorHeight": 13.364999771118164,
			"SensorAspectRatio": 1.7777777910232544
		},
		"Lens":
		{
			"MinFocalLength": 4,
			"MaxFocalLength": 1000
		},
		"Other":
		{
			"Distance from Scene(cm)": 800,
			"Near Clip Plane": 0.10000000149011612,
			"Far Clip Plane": 1600
		}
	},
	"Camera_7":
	{
		"World Position":
		{
			"X": 565.68570137023926,
			"Y": 0,
			"Z": -565.68522453308105
		},
		"World Rotation":
		{
			"P": 44.999975851636236,
			"Y": 180,
			"R": 0
		},
		"Filmback":
		{
			"SensorWidth": 23.760000228881836,
			"SensorHeight": 13.364999771118164,
			"SensorAspectRatio": 1.7777777910232544
		},
		"Lens":
		{
			"MinFocalLength": 4,
			"MaxFocalLength": 1000
		},
		"Other":
		{
			"Distance from Scene(cm)": 800,
			"Near Clip Plane": 0.10000000149011612,
			"Far Clip Plane": 1600
		}
	},
	"Camera_8":
	{
		"World Position":
		{
			"X": 800,
			"Y": 0,
			"Z": 0
		},
		"World Rotation":
		{
			"P": 0,
			"Y": 180,
			"R": 0
		},
		"Filmback":
		{
			"SensorWidth": 23.760000228881836,
			"SensorHeight": 13.364999771118164,
			"SensorAspectRatio": 1.7777777910232544
		},
		"Lens":
		{
			"MinFocalLength": 4,
			"MaxFocalLength": 1000
		},
		"Other":
		{
			"Distance from Scene(cm)": 800,
			"Near Clip Plane": 0.10000000149011612,
			"Far Clip Plane": 1600
		}
	},
	"Camera_9":
	{
		"World Position":
		{
			"X": 565.68541526794434,
			"Y": 565.68541526794434,
			"Z": 0
		},
		"World Rotation":
		{
			"P": 0,
			"Y": -134.99999999999997,
			"R": 0
		},
		"Filmback":
		{
			"SensorWidth": 23.760000228881836,
			"SensorHeight": 13.364999771118164,
			"SensorAspectRatio": 1.7777777910232544
		},
		"Lens":
		{
			"MinFocalLength": 4,
			"MaxFocalLength": 1000
		},
		"Other":
		{
			"Distance from Scene(cm)": 800,
			"Near Clip Plane": 0.10000000149011612,
			"Far Clip Plane": 1600
		}
	},
	"Camera_10":
	{
		"World Position":
		{
			"X": -6.9938221258780686e-05,
			"Y": 799.99995231628418,
			"Z": 0
		},
		"World Rotation":
		{
			"P": 0,
			"Y": -89.999994991043593,
			"R": 0
		},
		"Filmback":
		{
			"SensorWidth": 23.760000228881836,
			"SensorHeight": 13.364999771118164,
			"SensorAspectRatio": 1.7777777910232544
		},
		"Lens":
		{
			"MinFocalLength": 4,
			"MaxFocalLength": 1000
		},
		"Other":
		{
			"Distance from Scene(cm)": 800,
			"Near Clip Plane": 0.10000000149011612,
			"Far Clip Plane": 1600
		}
	},
	"Camera_11":
	{
		"World Position":
		{
			"X": -565.68551063537598,
			"Y": 565.68541526794434,
			"Z": 0
		},
		"World Rotation":
		{
			"P": 0,
			"Y": -44.999995170327281,
			"R": 0
		},
		"Filmback":
		{
			"SensorWidth": 23.760000228881836,
			"SensorHeight": 13.364999771118164,
			"SensorAspectRatio": 1.7777777910232544
		},
		"Lens":
		{
			"MinFocalLength": 4,
			"MaxFocalLength": 1000
		},
		"Other":
		{
			"Distance from Scene(cm)": 800,
			"Near Clip Plane": 0.10000000149011612,
			"Far Clip Plane": 1600
		}
	},
	"Camera_12":
	{
		"World Position":
		{
			"X": -799.99995231628418,
			"Y": -6.9938221258780686e-05,
			"Z": 0
		},
		"World Rotation":
		{
			"P": 0,
			"Y": 0,
			"R": 0
		},
		"Filmback":
		{
			"SensorWidth": 23.760000228881836,
			"SensorHeight": 13.364999771118164,
			"SensorAspectRatio": 1.7777777910232544
		},
		"Lens":
		{
			"MinFocalLength": 4,
			"MaxFocalLength": 1000
		},
		"Other":
		{
			"Distance from Scene(cm)": 800,
			"Near Clip Plane": 0.10000000149011612,
			"Far Clip Plane": 1600
		}
	},
	"Camera_13":
	{
		"World Position":
		{
			"X": -565.68522453308105,
			"Y": -565.68551063537598,
			"Z": 0
		},
		"World Rotation":
		{
			"P": 0,
			"Y": 45.000014489020735,
			"R": 0
		},
		"Filmback":
		{
			"SensorWidth": 23.760000228881836,
			"SensorHeight": 13.364999771118164,
			"SensorAspectRatio": 1.7777777910232544
		},
		"Lens":
		{
			"MinFocalLength": 4,
			"MaxFocalLength": 1000
		},
		"Other":
		{
			"Distance from Scene(cm)": 800,
			"Near Clip Plane": 0.10000000149011612,
			"Far Clip Plane": 1600
		}
	},
	"Camera_14":
	{
		"World Position":
		{
			"X": 0.00013987644251756137,
			"Y": -799.99995231628418,
			"Z": 0
		},
		"World Rotation":
		{
			"P": 0,
			"Y": 90.000010017912857,
			"R": 0
		},
		"Filmback":
		{
			"SensorWidth": 23.760000228881836,
			"SensorHeight": 13.364999771118164,
			"SensorAspectRatio": 1.7777777910232544
		},
		"Lens":
		{
			"MinFocalLength": 4,
			"MaxFocalLength": 1000
		},
		"Other":
		{
			"Distance from Scene(cm)": 800,
			"Near Clip Plane": 0.10000000149011612,
			"Far Clip Plane": 1600
		}
	},
	"Camera_15":
	{
		"World Position":
		{
			"X": 565.68570137023926,
			"Y": -565.68522453308105,
			"Z": 0
		},
		"World Rotation":
		{
			"P": 0,