{
	"Camera_0":
	{
		"World Position":
		{
			"X": 0,
			"Y": 800,
			"Z": 0
		},
		"World Rotation":
		{
			"P": 0,
			"Y": -90.000000000000014,
			"R": 0
		},
		"Filmback":
		{
			"SensorWidth": 23.760000228881836,
			"SensorHeight": 13.364999771118164,
			"SensorAspectRatio": 1.7777777910232544
		},
		"Lens":
		{
			"MinFocalLength": 4,
			"MaxFocalLength": 1000
		},
		"Other":
		{
			"Distance from Scene(cm)": 800,
			"Near Clip Plane": 0.10000000149011612,
			"Far Clip Plane": 1600
		}
	},
	"Camera_1":
	{
		"World Position":
		{
			"X": -412.84050941467285,
			"Y": 571.42858505249023,
			"Z": -378.19576263427734
		},
		"World Rotation":
		{
			"P": 28.212610401410661,
			"Y": -54.152985200152678,
			"R": 0
		},
		"Filmback":
		{
			"SensorWidth": 23.760000228881836,
			"SensorHeight": 13.364999771118164,
			"SensorAspectRatio": 1.7777777910232544
		},
		"Lens":
		{
			"MinFocalLength": 4,
			"MaxFocalLength": 1000
		},
		"Other":
		{
			"Distance from Scene(cm)": 800,
			"Near Clip Plane": 0.10000000149011612,
			"Far Clip Plane": 1600
		}
	},
	"Camera_2":
	{
		"World Position":
		{
			"X": 63.192057609558105,
			"Y": 342.85712242126465,
			"Z": 720.03874778747559
		},
		"World Rotation":
		{
			"P": -64.164430719794638,
			"Y": -100.44299754138909,
			"R": 0
		},
		"Filmback":
		{
			"SensorWidth": 23.760000228881836,
			"SensorHeight": 13.364999771118164,
			"SensorAspectRatio": 1.7777777910232544
		},
		"Lens":
		{
			"MinFocalLength": 4,
			"MaxFocalLength": 1000
		},
		"Other":
		{
			"Distance from Scene(cm)": 800,
			"Near Clip Plane": 0.10000000149011612,
			"Far Clip Plane": 1600
		}
	},
	"Camera_3":
	{
		"World Position":
		{
			"X": 481.75821304321289,
			"Y": 114.28570747375488,
			"Z": -628.36904525756836
		},
		"World Rotation":
		{
			"P": 51.763371820217074,
			"Y": -166.65462822633825,
			"R": 0
		},
		"Filmback":
		{
			"SensorWidth": 23.760000228881836,
			"SensorHeight": 13.364999771118164,
			"SensorAspectRatio": 1.7777777910232544
		},
		"Lens":
		{
			"MinFocalLength": 4,
			"MaxFocalLength": 1000
		},
		"Other":
		{
			"Distance from Scene(cm)": 800,
			"Near Clip Plane": 0.10000000149011612,
			"Far Clip Plane": 1600
		}
	},
	"Camera_4":
	{
		"World Position":
		{
			"X": -779.69098091125488,
			"Y": -114.2857551574707,
			"Z": 137.91626691818237
		},
		"World Rotation":
		{
			"P": -9.9271168917431929,
			"Y": 8.3389334224117455,
			"R": 0
		},
		"Filmback":
		{
			"SensorWidth": 23.760000228881836,
			"SensorHeight": 13.364999771118164,
			"SensorAspectRatio": 1.7777777910232544
		},
		"Lens":
		{
			"MinFocalLength": 4,
			"MaxFocalLength": 1000
		},
		"Other":
		{
			"Distance from Scene(cm)": 800,
			"Near Clip Plane": 0.10000000149011612,
			"Far Clip Plane": 1600
		}
	},
	"Camera_5":
	{
		"World Position":
		{
			"X": 609.87119674682617,
			"Y": -342.85717010498047,
			"Z": 387.95080184936523
		},
		"World Rotation":
		{
			"P": -29.008449771066658,
			"Y": 150.65619182023278,
			"R": 0
		},
		"Filmback":
		{
			"SensorWidth": 23.760000228881836,
			"SensorHeight": 13.364999771118164,
			"SensorAspectRatio": 1.7777777910232544
		},
		"Lens":
		{
			"MinFocalLength": 4,
			"MaxFocalLength": 1000
		},
		"Other":
		{
			"Distance from Scene(cm)": 800,
			"Near Clip Plane": 0.10000000149011612,
			"Far Clip Plane": 1600
		}
	},
	"Camera_6":
	{
		"World Position":
		{
			"X": -145.34822702407837,
			"Y": -571.42858505249023,
			"Z": -540.68770408630371
		},
		"World Rotation":
		{
			"P": 42.520943988962358,
			"Y": 75.728916644869301,
			"R": 0
		},
		"Filmback":
		{
			"SensorWidth": 23.760000228881836,
			"SensorHeight": 13.364999771118164,
			"SensorAspectRatio": 1.7777777910232544
		},
		"Lens":
		{
			"MinFocalLength": 4,
			"MaxFocalLength": 1000
		},
		"Other":
		{
			"Distance from Scene(cm)": 800,
			"Near Clip Plane": 0.10000000149011612,
			"Far Clip Plane": 1600
		}
	},
	"Camera_7":
	{
		"World Position":
		{
			"X": 0,
			"Y": -800,
			"Z": 0
		},
		"World Rotation":
		{
			"P": 0,
			"Y": 89.999999999999986,
			"R": 0
		},
		"Filmback":
		{
			"SensorWidth": 23.760000228881836,
			"SensorHeight": 13.364999771118164,
			"SensorAspectRatio": 1.7777777910232544
		},
		"Lens":
		{
			"MinFocalLength": 4,
			"MaxFocalLength": 1000
		},
		"Other":
		{
			"Distance from Scene(cm)": 800,
			"Near Clip Plane": 0.10000000149011612,
			"Far Clip Plane": 1600
		}
	}
}