{
	"Camera_0":
	{
		"World Position":
		{
			"X": 400,
			"Y": 0,
			"Z": 0
		},
		"World Rotation":
		{
			"P": 0,
			"Y": 180,
			"R": 0
		},
		"Filmback":
		{
			"SensorWidth": 23.760000228881836,
			"SensorHeight": 13.364999771118164,
			"SensorAspectRatio": 1.7777777910232544
		},
		"Lens":
		{
			"MinFocalLength": 4,
			"MaxFocalLength": 1000
		},
		"Other":
		{
			"Distance from Scene(cm)": 400,
			"Near Clip Plane": 0.10000000149011612,
			"Far Clip Plane": 800
		}
	},
	"Camera_1":
	{
		"World Position":
		{
			"X": 282.84270763397217,
			"Y": 0,
			"Z": 282.84270763397217
		},
		"World Rotation":
		{
			"P": -44.999999999999964,
			"Y": 180,
			"R": 0
		},
		"Filmback":
		{
			"SensorWidth": 23.760000228881836,
			"SensorHeight": 13.364999771118164,
			"SensorAspectRatio": 1.7777777910232544
		},
		"Lens":
		{
			"MinFocalLength": 4,
			"MaxFocalLength": 1000
		},
		"Other":
		{
			"Distance from Scene(cm)": 400,
			"Near Clip Plane": 0.10000000149011612,
			"Far Clip Plane": 800
		}
	},
	"Camera_2":
	{
		"World Position":
		{
			"X": -3.4969110629390343e-05,
			"Y": 0,
			"Z": 399.99997615814209
		},
		"World Rotation":
		{
			"P": -90,
			"Y": 180,
			"R": 180
		},
		"Filmback":
		{
			"SensorWidth": 23.760000228881836,
			"SensorHeight": 13.364999771118164,
			"SensorAspectRatio": 1.7777777910232544
		},
		"Lens":
		{
			"MinFocalLength": 4,
			"MaxFocalLength": 1000
		},
		"Other":
		{
			"Distance from Scene(cm)": 400,
			"Near Clip Plane": 0.10000000149011612,
			"Far Clip Plane": 800
		}
	},
	"Camera_3":
	{
		"World Position":
		{
			"X": -282.84275531768799,
			"Y": 0,
			"Z": 282.84270763397217
		},
		"World Rotation":
		{
			"P": -44.999995170327281,
			"Y": 0,
			"R": 0
		},
		"Filmback":
		{
			"SensorWidth": 23.760000228881836,
			"SensorHeight": 13.364999771118164,
			"SensorAspectRatio": 1.7777777910232544
		},
		"Lens":
		{
			"MinFocalLength": 4,
			"MaxFocalLength": 1000
		},
		"Other":
		{
			"Distance from Scene(cm)": 400,
			"Near Clip Plane": 0.10000000149011612,
			"Far Clip Plane": 800
		}
	},
	"Camera_4":
	{
		"World Position":
		{
			"X": -399.99997615814209,
			"Y": 0,
			"Z": -3.4969110629390343e-05
		},
		"World Rotation":
		{
			"P": 0,
			"Y": 0,
			"R": 0
		},
		"Filmback":
		{
			"SensorWidth": 23.760000228881836,
			"SensorHeight": 13.364999771118164,
			"SensorAspectRatio": 1.7777777910232544
		},
		"Lens":
		{
			"MinFocalLength": 4,
			"MaxFocalLength": 1000
		},
		"Other":
		{
			"Distance from Scene(cm)": 400,
			"Near Clip Plane": 0.10000000149011612,
			"Far Clip Plane": 800
		}
	},
	"Camera_5":
	{
		"World Position":
		{
			"X": -282.84261226654053,
			"Y": 0,
			"Z": -282.84275531768799
		},
		"World Rotation":
		{
			"P": 45.000014489020728,
			"Y": 0,
			"R": 0
		},
		"Filmback":
		{
			"SensorWidth": 23.760000228881836,
			"SensorHeight": 13.364999771118164,
			"SensorAspectRatio": 1.7777777910232544
		},
		"Lens":
		{
			"MinFocalLength": 4,
			"MaxFocalLength": 1000
		},
		"Other":
		{
			"Distance from Scene(cm)": 400,
			"Near Clip Plane": 0.10000000149011612,
			"Far Clip Plane": 800
		}
	},
	"Camera_6":
	{
		"World Position":
		{
			"X": 6.9938221258780686e-05,
			"Y": 0,
			"Z": -399.99997615814209
		},
		"World Rotation":
		{
			"P": 90,
			"Y": 0,
			"R": 179.99999860565401
		},
		"Filmback":
		{
			"SensorWidth": 23.760000228881836,
			"SensorHeight": 13.364999771118164,
			"SensorAspectRatio": 1.7777777910232544
		},
		"Lens":
		{
			"MinFocalLength": 4,
			"MaxFocalLength": 1000
		},
		"Other":
		{
			"Distance from Scene(cm)": 400,
			"Near Clip Plane": 0.10000000149011612,
			"Far Clip Plane": 800
		}
	},
	"Camera_7":
	{
		"World Position":
		{
			"X": 282.84285068511963,
			"Y": 0,
			"Z": -282.84261226654053
		},
		"World Rotation":
		{
			"P": 44.999975851636236,
			"Y": 180,
			"R": 0
		},
		"Filmback":
		{
			"SensorWidth": 23.760000228881836,
			"SensorHeight": 13.364999771118164,
			"SensorAspectRatio": 1.7777777910232544
		},
		"Lens":
		{
			"MinFocalLength": 4,
			"MaxFocalLength": 1000
		},
		"Other":
		{
			"Distance from Scene(cm)": 400,
			"Near Clip Plane": 0.10000000149011612,
			"Far Clip Plane": 800
		}
	}
}